,peptide,amp,tox
0,M G M F F A L S Y E L,0.67016864,0.04692866
1,M G M F F A L S Y E R K W P F A I K W,0.69263124,0.115975805
2,I L F Y M G M F F A L S Y E R K W P F A I K W,0.80414784,0.14675419
3,I L H Y M G M F F A L S Y E R K W P F A I K W,0.78885305,0.18241177
4,I L H Y M G M F F A L S Y K R K W P F A I K W,0.76773185,0.19598968
5,I L H Y M G P F F A L S Y K R K W P F A I K W,0.7054105,0.26484966
6,I L H Y M G P F F A L S Y K R K W P F G I K W,0.76200485,0.028018698
7,I L H Y M G P F F S L S Y K R K W P F G I K W,0.7496151,0.0516483
8,I L H Y M G P F F S L W Y K R K W P F G I K W,0.7490911,0.069062695
9,I L H Y M G P L F S L W Y K R K W P F G I K W,0.7462135,0.040052436
10,I L H Y M G P H F S L W Y K R K W P F G I K W,0.729942,0.21390893
11,I L H Y M G P H F I L W Y K R K W P F G I K W,0.74274343,0.12190052
12,I L H Y M G P W F I L W Y K R K W P F G W K W,0.77045083,0.04111134
13,I L H Y M G P W F I L W Y K R K W P F G W K W,0.77045083,0.04111134
14,L K W I M G M F F A L S Y E L K H P M Y R,0.90840966,0.50662863
15,L K W I M G M F R A L S Y E L K W P M Y R,0.89677256,0.16382964
16,I L K W I M G M F R A L S Y E L K W P M Y R,0.9262543,0.11311186
17,M R I L K W I M G M F R A L S Y E L K W P M Y R,0.71100605,0.008486984
18,P M R I L K W I M G M F R A L S Y E L K W P M Y R,0.78223276,0.010575242
19,F P M R I L K W I M G M F R A L S Y E L K W P M Y R,0.7497877,0.02695317
20,W P M R I L K W I M G M F R A L S Y E L K W P M Y R,0.6511423,0.010241214
21,L P M R I L K W I M G M F R A L S Y E L K W P M Y R,0.8108691,0.036065206
22,L P M R I L K W I M G L F R A L S Y E L K W P M Y R,0.8441539,0.02181389
23,H L P M R I L K W I M G L F R A L S Y E L K W P M Y R,0.7413094,0.018184844
24,S L P M R I L K W I M G L F R A L S Y E L K W P M Y R,0.798815,0.019159583
25,I M G M F F A L S Y K L M G M F F A L S Y H L R,0.9048925,0.14863257
26,S I R G M F F A L S Y K L M G M F F A L S Y H L R,0.84914625,0.013314557
27,S I R G M F F A L S Y K L M G M F F A L S Y H I R,0.840196,0.0065574334
28,S I R G M F F A L S W K L M G M F F A L S W H I R,0.83407295,0.0071625854
29,L S I R G M F F A L S W K L M G M F F A L S W H I R,0.84566176,0.035568044
30,K S I R G M F F A L S W K L M G M F F A L S W H I R,0.82404053,0.009342769
31,K S I R G M F F A L S W K L M G M F F A L S W H I R,0.82404053,0.009342769
32,K S I R G M F F A L S W K L M G M F F A L S W H I R M G M F F A L S Y E L,0.8677402,0.83482677
33,K S I R G M F F A L S W K L M G M F F A L S W H I R M K M F F A L S Y E H,0.8927463,0.7542813
34,I K S I R N M Q F T C S W K L E G M F F W I S W H I R M K M N,0.6208549,0.028511636
35,K S I R G M F F A L S W K L M G M F F A I S W H I R M K M F,0.834695,0.018449163
36,K S I R G M F F A L S W K L M G M E F A I S W H I R M K M F,0.8317358,0.0162198
37,K S I R G M F F A L S W K L M G M F F W I S W H I R M K M F,0.8449477,0.016403418
38,K S I R G M F P A L S W K L M G M F F W I S W H I R M K M F,0.7803436,0.017913736
39,K S I R G M F P T C S W K L M G M F F W I S W H I R M K M F,0.6175973,0.045612402
40,K S I R N M F P T C S W K L M G M F F W I S W H I R M K M F,0.61966413,0.04892087
41,K S I R N M F P T C S W K L M G M F F W I S W H I R M K M N,0.6693679,0.03663436
42,K S I R N M F F T C S W K L M G M F F W I S W H I R M K M N,0.69426984,0.03398059
43,I K S I R N M F F T C S W K L M G M F F W I S W H I R M K M N,0.64508325,0.030114513
44,Q I K S I R N M F F T C S W K L E G M F F W I S W H I R M K M N,0.56747305,0.01754535
45,I K S I R N M F F T C S W K L E G M E F W I S W H I R M K M N,0.64282167,0.050806127
46,I K S I R N M Q F T C S W K L E G M E F W I S W H I R M K M N,0.6401978,0.04362501
47,I K S I R N M Q F T C S W K L E G M F F W I S W H I R M K M N,0.6208549,0.028511636
48,K C I R G M F F A L C W K L M G M F F A L S W H I R M K M F F A L C Y E H,0.73694956,0.7898843
49,K C I R G M F F A L C W K L M G M F F A L S W H I R M K M F F A L S Y E H,0.78282547,0.758706
50,L S I R G M F F A L S W K L M G M F F A L S W H I R A,0.77812535,0.26648852
51,L S I R G M F F A L S W K L M G M F F A L S W H I R L,0.76825356,0.17651622
52,L S I R G M F F A L S W K L M G M F F A L S W H I R E,0.80733657,0.21882264
53,E S I R G M F F A L S W K L M G M F F A L S W H I R E,0.7320634,0.057302628
54,E S I R G M H F A L S W K L M G M H F A L S W H I R E,0.7106758,0.05981152
55,E S I R G M K F A L S W K L M G M K F A L S W H I R E,0.7100231,0.05090929
56,E S I R G M K F A L S W K L M G M K F A L S W H I R E,0.7100231,0.05090929
57,E S I R G M K F A L S W K L M G M K F A L S W H I R E W,0.75091606,0.07217887
58,E S I R G M K F A L S W K L M G M K F A L S W H I R E W P,0.7674397,0.048792716
59,E S I R G M K F A L S W K L M G M K F A L S W H I R E W F,0.5974426,0.013905269
60,H E S I R G M K F A L S W K L M G M K F A L S W H I R E W F,0.6227384,0.007303449
61,I H E S I R G M K F A L S W K L M G M K F A L S W H I R E W F,0.74649847,0.012672804
62,K H E S I R G M K F A L S W K L M G M K F A L S W H I R E W F K,0.6886945,0.013367789
63,K H E S I R G M K F A L S W K L M G M K F A L S W H I R E W F K L,0.575044,0.0030306994
64,K H E S I R G M K F A L S W K L M G M K F A L S W H I R E W F K Q,0.7570365,0.010762827
65,K H E S I W G M K F A L S W K L M G M K F A L S W H I R E W F K F,0.7966795,0.0076517705
66,K H E S I W G M K F A L S W K L M G M K F A L S W H I R E W F K E,0.8397545,0.015709607
67,L H E S I W G M K F A L S W K L M G M K F A L S W H I R E W F K F,0.8474529,0.0124325575
68,L H E S I W G M K F A L S W K L M G M K F A L S W H I R E W F K T,0.86347145,0.02106513
69,A K H E S I W G M K F A L S W K L M G M K F A L S W H I R E W F K F,0.81722635,0.005923242
70,A K H E F I W G M K F A L S W K L M G M K F A L S W H I R E W F K F,0.8373632,0.0068235025
71,A K H E F I W G M K F A L S W K L M G M K F A L S W H I R E W F H F,0.8472525,0.0074065016
72,A K H E F I W G R K F A L S W K L M G R K F A L S W H I R E W F H F,0.57670647,0.006909444
73,A K H E F I W G R K F A L R W K L M G S K F A L R W H I R E W F H F,0.5333832,0.010544706
74,W A K H E F I W G R K F A L R W K L M G S K F A L R W H I R E W F H F,0.80891705,0.0070089214
75,K L A S A F G K I L F A S L R L A S A F G K I L F A S L K,0.9145554,0.4702294
76,K L A S A F G K H L F A S E R E A S A F G K H L F A S L K,0.7107916,0.096885994
77,K L A S A F G K H L F A S E R E A S A F G K H L F A S L K R,0.76537627,0.18524012
78,K L A S A F G K H L F A S E R E A S A F G K H L F A S L K W,0.7656103,0.093649335
79,K L A S A F G K H L F A S L R L A S A F G K H L F A S L K W,0.92711365,0.31946513
80,K L A S A F G K H L F A S L R L A S A F G K H L F A S L K W S,0.92655617,0.20204863
81,K L A S A F G K H L F A S L R L A S A F G K H L F A S L K W S L,0.898314,0.05126393
82,K L A S A F G K H W F A S L R L A S A F G K H L F A S L K W S,0.8872049,0.15739506
83,K L A S A F G K H W F A S L R L A S A F C K H L F A S L K W S,0.8120525,0.07814133
84,K L A S A F G K H W F A S L R L A S A F C K H L F A S L R K W S,0.8690796,0.09796585
85,Q K L A S A F G K H W F A S L R L A S A F C K H L F A S L R K W S,0.9027763,0.07059512
86,R T L A S A F G K H W F A S L R L A S A F C K H L F A S L R K W S,0.7422396,0.010918444
87,C T L A S A F G K H W F A S L R L A S A F C K H L F A S L R K W S,0.7523809,0.009466544
88,F T L A S A F G K H W F A S L R L A S A F C K H L F A S L R K W S,0.8246921,0.049292643
89,F T L A S A F G K H W F A S L R L A S A F C K H L F A S L R K W S P,0.81457037,0.0452341
90,R I F G Y G L A A F K V H L V I R F G Y G L A A F K V H L V,0.508269,0.011933461
91,R I F G Y G L A W F K V H L V I R F G Y G L A A F K V H L V,0.54788244,0.01589649
92,R I F G Y G L A W F K V H L V I R F G Y G L A A F K V H L V K,0.5159225,0.010558776
93,R I F G Y G L A W F K V H L V I R F G Y G L A A F K V H L V R,0.50613725,0.01666008
94,R I F G Y G L A W F K V H L V I R F G Y G L A A F K V H L V H,0.5161547,0.0066380654
95,R I F G Y G L A W F K V H L V I R F G Y G L A A F K V H L V H S,0.53161436,0.006240417
96,R I F G Y G L A W F K V H L V I R F G Y G L A A F K V H L V H C,0.5208882,0.012223495
97,R I F G Y G L A W F K V H L V I R F G Y G L A A F K V H L V H F,0.535079,0.0051115733
98,W R I F G Y G L A W F K V H L V I R F G Y G L A A F K V H L V H F L,0.5033463,0.0018497356
99,K W R I F G Y G L H W F K V H L V I R F G Y G L A A F K V H L V H F L,0.9513749,0.009883649
100,A I K W E K W R I F G Y G L H W F K V H L V I R F G Y G L A A F K V H L V H F L,0.4601909,0.30606428
101,A I K W E K W R I F G Y G L H W F K V H L V I R F G Y G L A A F K V H L V,0.8418404,0.7228008
102,A I K W E K W R I F G Y G L H W F K V H L V I R F G Y G L A A F K V H L V E,0.7200347,0.586126
103,A I K W E K W R I F G Y G L H W F K V H L V I R F G Y G L A A F K V H L V E M C L,0.5983567,0.41643754
104,A I K W E K W R I F G Y G L H W F K V H L V I R F G Y G L A A F K V H L V E M C K,0.4425341,0.57816154
105,R K L T P D L A S A F G R W F K L A S A F G R K L T P D K,0.6497423,0.007909544
106,R K L T P D L A S A F G R W F K L A S A F G R W F K L T P D K,0.61207896,0.0043740184
107,R K L T P D L A S A F G R W F I L K L A S A F G R W F L K I L T P D K,0.86409533,0.010336954
108,R K L T P D L A S A F G R W F I L K L A S A F G R W F L K I L T P D K M,0.85573685,0.34420967
109,R K L T P D L A S A F G R W F I L K L A S A F G R W F L K I L T P D K M P,0.8535093,0.7490586
110,R K L T P D L A S A F G R W F I L K L A S A F G R W F L K I L T P D K M P F,0.82996583,0.81346047
111,R K L T P D L A S A F G R W P I L K L A S A F G R W P L K I L T P D K M P F,0.7399671,0.83370966
112,R K L T P D L A S A F G R W V I L K L A S A F G R W V L K I L T P D K M P F,0.81692195,0.81601226
113,R K L T P D L A S A F G R W V I L K L A S A F G R W V L K I L T P D K M P F V,0.73356175,0.7910417
114,A R K L T P D K L A S A F G A R K L T P D K L A S A F G H,0.6219646,0.051442217
115,A R K L T P V K L A S A F G A R K L T P V K L A S A F G H,0.66747063,0.09725923
116,A R K L T P V K L A S A F G A R K L T P V K L A S A F G H W,0.751756,0.072611205
117,A R K L T P V K L A S A F G A R K L T P V K L A S A F G H W F,0.6624717,0.025833251
118,A R K L T P V K L A S A F G H R K L T P V K L A S A F G H W F,0.49539027,0.012905351
119,A M M K L T P V K L A S A F G H R K L T P V K L A S A F G H W F S,0.64701146,0.0064744987
120,A M L K L T P V K L A S A F G H R K L T P V K L A S A F G H W F S,0.7278618,0.008262782
121,A M L K L T P V K L A S A F G H R K L T P V K L A S A F G H W F S M,0.7515302,0.008565896
122,A M L K L T P V K L M S A F G H R K L T P V K L M S A F G H W F S M,0.64147985,0.0050073992
123,A M L K L T P V K L M S A F G H R K L T P V K L M S A F G H W F S M C,0.7650265,0.0075792316
124,A M L K L T P V K L M S A F G H R K L T P V K L M S A F G H W F S M C I F L,0.55179936,0.85930645
125,A M I I L K L T P V K L M S A F G H R K L T P V K L M S A F G H W F S M C I F L,0.19331001,0.7863454
126,A K I I L K L T P V K L M S A F G H R K L T P V K L M S A F G H W F S M C I F L,0.48124364,0.7608045
127,A K I H L R D K L A S A F G A K I H L R K L A S A F G,0.8095414,0.12200961
128,A K I H L R T D K L A S A F G A K I H L R T K L A S A F G,0.647299,0.067803025
129,A K I H L R T D K L A S A F G A K I H L R T K L A S A F G C,0.7678535,0.08856113
130,A K I H L R T D K L A S A F G A K I H L R T K L A S A F G W,0.7597878,0.07295645
131,A K I H L R T D K L A S A F G A K I H L R T K L A S A F G W S M C I F L,0.7582868,0.3967443
132,A K I H L R T D K L A S A F G A K I H L R T K L A S A F G W S M C I F,0.84279174,0.020896608
133,A K I H L R T D K L A S A F G A K I H L R T K L A S A F G W S M C I F W,0.8898651,0.40041363
134,K L H D K L A S R F G K I L F A R H F W M,0.8542449,0.18175559
135,K L H D K L A S R F G K I L F A R H F W M K P,0.8163524,0.17205942
136,K L H D K L A S R F G K I L F A R H F W M K P S M R I F L,0.4753335,0.011607981
137,K L H D K L A S R F G K I L F A R H F W M K P S M R I F L S,0.52613413,0.011557016
138,K L H D K L A S R F G K I C F A R H F W M K P S M R I F L S,0.62734556,0.023226695
139,K L H D K W A S R F G K I C F A R H F W M K P S M R I F L S,0.64500403,0.01958655
140,K L H D K W A S R F G K I C F A R H F W M K P S M R I F L S P,0.66458315,0.049287885
141,A K L H D K W A S R F G K I C F A R H F W M K P S M R I F L S P,0.59268266,0.03962778
142,A W K L H D K W A S R F G K I C F A R H F W M K P S M R I F L S P,0.50523794,0.027198879
143,A W K L H D K W A S R F G K I R F A R H F W M K P S M A I F L S P F,0.7493483,0.011923261
144,A W K L H D K W A S R F G K I R F A Q H F W M K P S M A I F L S P F,0.7543319,0.014430035
145,A W K L H D K W A S R F G K I R F A Q H F W M K P S M A I F L S P K,0.73286545,0.020723257
146,A W K I L H D K W A S R F G K I R F A Q H F W M K P S M A I F L S P K,0.81528664,0.02091137
147,A W K L H D K W A S R F G K I R F A Q H F W M K P S M A I F L S P K G,0.80205774,0.020549886
148,A W K L H D K W A S R F G K I R F A Q H F W M K P S M A I F L S P K P,0.7961569,0.019451272
149,A W K L H D K W A L R F G K I R F A Q H F W M K P S M A I F L S P K,0.68238646,0.01399732
150,K Y G L A A F K V I L V Y G L A A F K V I L V R I L R,0.8791892,0.26804897
151,K Y G L A A F K V I L V Y G L A A F K V I L V R I L R M P K,0.88338023,0.06674861
152,K Y G L A A F K V I L V Y G L A A F K V I L V R I L R M P K S,0.9158055,0.046988495
153,K Y G L A Q F K V I L V Y G L A Q F K V I L V R I L R M P K S,0.89065546,0.03573959
154,K Y G L A Q F K V I L V Y G L A Q F K V I L V R I L R M P K S E,0.89787745,0.029001681
155,K Y G L A Q F K V I L V Y G L A Q F K V I L V R I L R M P K S P,0.8781457,0.062445316
156,I F K Y G L A Q F K V I L V Y G L A Q F K V I L V R I L R M P K S P,0.873369,0.02132658
157,K I R L D K L A S A F G K I L F A S L S G F D K L A S A F G K I L F A S L S G F,0.59530073,0.8721513
158,K I R L D K L A S A F G K I L F A S L S G F D K L A S A F G K I L F A S L S G F R,0.7540619,0.8847811
159,K I R L D K L A S A F G K I L F A S L S G F D K L A S A F G K I L F A S L S G F R M,0.7258051,0.86673135
160,D K L A S R F G K I L F A R L S G F H I L K M P I R,0.7458968,0.024875509
161,D K L A S R F G K I L F A R L S G F H I L K M P I R W,0.76962477,0.09193343
162,D I K L A S R F G K I L F A R L S G F H I L K M P I R W,0.76888067,0.09854112
163,D I I K L A S R F G K I L F A R L S G F H I L K M P I R W,0.7821646,0.06541762
164,D I I K L A S R F G K I L F A A R L S G F H I L K M P I R W,0.8062648,0.05823728
165,D I I K L A S R F G K I L F A A R L S G F H I L K M P I R W F,0.7634851,0.011797939
166,D I I K L A S R Q G K I L F A A R L S G F H I L K M P I R W F,0.707526,0.008786956
167,A I I K L A S R Q G K I L F A A R L S G F H I L K M P I R W F,0.78273636,0.024720207
168,G A I I K L A S R Q G K I L F A A R L S G F H I L K M P I R W F,0.78257155,0.012182921
169,P A I I K L A S R Q G K I L F A A R L S G F H I L K M P I R W F,0.7411743,0.007867281
170,F A I I K L A S R Q G K I L F V A R L S G F H I L K M P I R W F,0.6662723,0.0043898327
171,F A I I K L A S R Q G K I L F V A R L S G F H I L K M P I R W F V E,0.7099299,0.004450025
172,K K L T P D K L A S A F G K I L F A R V I L,0.86850613,0.3734159
173,K K L T P D K L A S A F G K I L F A R V I L R,0.91368634,0.37356704
174,K K L T P D K L A S A F G K I L F A R V I L R W,0.91573423,0.40303355
175,K K L T P D K L A S A F G K I L F A R V I L R W P,0.89584905,0.26348177
176,K K L T P D K L A S A F G K I L F A R V I L R W C,0.9622169,0.10246784
177,A K K L T P D K L A S A F G K I L F A R V I L R W C,0.9195495,0.12762812
178,A K K L T P D K L A S A F G K I L F A R V I L R W C Q,0.81556565,0.24172038
179,A K K L T P D K L A S A F G K I L F A R V I L R W C Q P,0.77570915,0.37065673
180,A K K L T P D K L A S A F G K I L F A R V I L R W C Q P F,0.6281553,0.0383106
181,A K K L T P D K L F S I F G K I L F A R V I L R W C Q P F,0.6079212,0.04651455
182,A K K L T M D K L F S I F G K I L F A R V I L R W C Q P F,0.6268796,0.038062714
183,A K K L T M D K L F S I F G K I L F A R V I L R W C Q P F L,0.4318089,0.004482791
184,A M K K L T P D K L A S A F G K M K A I L L R,0.8868763,0.26177192
185,A M K K L T P D K L A S A F G K M K A I L L R M,0.889901,0.17504676
186,A M K K L T P R K L A S A F G K M K A I L L R M,0.8398269,0.044318873
187,A M K K L T P R K L A S A F G K M K A I L L R M L,0.74292445,0.1245849
188,A M K K L T P R K L A S A F G K M K A I L L R M L P W,0.7525254,0.1220609
189,A M K K L T P R K L A S A F G K M K A I L L R M L P F,0.65454745,0.039330225
190,A M K K L S T P R K L A S A F G K M K A I L L R M L P F,0.5478277,0.021946562
191,G A M K K L S T P R K L A S A F G K M K A I L L R M L P F,0.5062221,0.019902984
192,G Q A M K K L S T P R K L A S A F G K M K A I L L R M L P F,0.47978362,0.018469533
193,G E A M K K L S T P R K L A S A F G K M K A I L L R M L P F,0.47288665,0.013459787
194,L G E A M K K L S T P R K L A S E F G K M K A I L L R M L P F,0.46854362,0.017864594
195,L G E A M K K L S T P R K L A S E F G K M K A I L L R M L A,0.520129,0.053265955
196,A I L G E A M K K L S T P R K L A S E F G K M K A I L L R M L A,0.4590808,0.0048096953
197,A I L G E A M K K L S T P R K L A S E F G K M K A I L L R M L A I,0.6279867,0.0034573344
198,A I K L G E A M K K L S T P R K L A S E F G K M K A I L L R M L A I,0.77510715,0.004680492
199,A C I K L G E A M K K L S T P R K L A S E F G K M K A I L L R M L A I,0.8666681,0.0068360968
200,A W I K L G E A M K K L S T P R K L A S E F G K M K A I L L R M L A I,0.7818314,0.0046273787
201,,1.0,0.0
