,backbone,parents
0,AMKKLTPDKLASAFGK,"AMKKLTPDKLASAFGKILFASAAYN 
 AMKKLTPDKLASAFGKILFASLSGFPFD 
 AMKKLTPDKLASAFGK 
 AMKKLTPDKLASAFGKILFAIGAMTPFD 
 AMKKLTPDKLASAFGKILFASLSGFPFDICK"
1,KKLTPDKLASA,"AMKKLTPDKLASAFG 
 IIKKLTPDKLASAFGKILFASLSGFPFDICKYGRF 
 AMKKLTPDKLASAFGK 
 AMKKLTPDKLASALLFAGLDDQAGFE 
 AMKKLTPDKLASAFGKILFASAAYN 
 AMKKLTPDKLASAHETTGAMRR 
 AMKKLTPDKLASAFGKILFASLSGFPFD 
 AMKKLTPDKLASAFGKILFAIGAMTPFD 
 AMKKLTPDKLASAFGKILFASLSGFPFDICK"
2,KLTPDKLASAFGKILFAS,"AMKKLTPDKLASAFGKILFASAAYN 
 IIKKLTPDKLASAFGKILFASLSGFPFDICKYGRF 
 AMKKLTPDKLASAFGKILFASLSGFPFDICK 
 AMKKLTPDKLASAFGKILFASLSGFPFD 
 KCPKLTPDKLASAFGKILFASLSYIRLALAAALFP 
 MNFKLTPDKLASAFGKILFASLSDR"
3,DKLASAFGKILFA,"ICGGYTPDKLASAFGKILFASLSGFPFDICKY 
 IIKKLTPDKLASAFGKILFASLSGFPFDICKYGRF 
 AMKKLTPDKLASAFGKILFASLSGFPFDICK 
 KCPKLTPDKLASAFGKILFASLSYIRLALAAALFP 
 EMSADLVDKLASAFGKILFASLSGF 
 AMKKLTPDKLASAFGKILFASAAYN 
 METKVWGDKLASAFGKILFASLSGF 
 MAGFVWGDKLASAFGKILFASLSGF 
 AMKKLTPDKLASAFGKILFASLSGFPFD 
 AMKKLTPDKLASAFGKILFAIGAMTPFD 
 MNFKLTPDKLASAFGKILFASLSDR 
 ICGGYTPDKLASAFGKILFASLSGFPFDICKYGR"
4,TPDKLASAFGKILFASLSGFPFD,"ICGGYTPDKLASAFGKILFASLSGFPFDICKY 
 IIKKLTPDKLASAFGKILFASLSGFPFDICKYGRF 
 AMKKLTPDKLASAFGKILFASLSGFPFD 
 AMKKLTPDKLASAFGKILFASLSGFPFDICK 
 ICGGYTPDKLASAFGKILFASLSGFPFDICKYGR"
5,KLTPDKLASAFGK,"IIKKLTPDKLASAFGKILFASLSGFPFDICKYGRF 
 AMKKLTPDKLASAFGK 
 KCPKLTPDKLASAFGKILFASLSYIRLALAAALFP 
 MNFKLTPDKLASAFGKILFASLSDR 
 AMKKLTPDKLASAFGKILFASAAYN 
 AMKKLTPDKLASAFGKILFASLSGFPFD 
 AMKKLTPDKLASAFGKILFAIGAMTPFD 
 AMKKLTPDKLASAFGKILFASLSGFPFDICK"
6,GKILFASLSGF,"ICGGYTPDKLASAFGKILFASLSGFPFDICKY 
 IIKKLTPDKLASAFGKILFASLSGFPFDICKYGRF 
 AMKKLTPDKLAGKILFASLSGFPALLN 
 EMSADLVDKLASAFGKILFASLSGF 
 METKVWGDKLASAFGKILFASLSGF 
 AMKKLTPDKLASAFGKILFASLSGFPFD 
 MAGFVWGDKLASAFGKILFASLSGF 
 AMKKLTPDKLASAFGKILFASLSGFPFDICK 
 ICGGYTPDKLASAFGKILFASLSGFPFDICKYGR"
7,GKILFASLSGFP,"ICGGYTPDKLASAFGKILFASLSGFPFDICKY 
 AMKKLTPDKLAGKILFASLSGFPALLN 
 IIKKLTPDKLASAFGKILFASLSGFPFDICKYGRF 
 AMKKLTPDKLASAFGKILFASLSGFPFD 
 AMKKLTPDKLASAFGKILFASLSGFPFDICK 
 ICGGYTPDKLASAFGKILFASLSGFPFDICKYGR"
8,NFHLGGGFNLL,"MMNFHLGGGFNLL 
 MNFHLGGGFNLLELLAQQ 
 SNFHLGGGFNLLVPY 
 SNFHLGGGFNLLV 
 ANFHLGGGFNLL 
 SNFHLGGGFNLL 
 MNFHLGGGFNLL"
9,MGMFFALSYEL,"VICEMGMFFALSYELW 
 AMKMMGMFFALSYEL 
 WAFCEMGMFFALSYEL 
 MALMMGMFFALSYEL 
 CFCEMGMFFALSYEL 
 AMKKMGMFFALSYEL 
 AMCAMGMFFALSYEL 
 VICAMGMFFALSYEL 
 VICEMGMFFALSYEL"
10,AMKKLTPDKLASA,"AMKKLTPDKLASAFG 
 AMKKLTPDKLASAFGK 
 AMKKLTPDKLASALLFAGLDDQAGFE 
 AMKKLTPDKLASAFGKILFASAAYN 
 AMKKLTPDKLASAHETTGAMRR 
 AMKKLTPDKLASAFGKILFASLSGFPFD 
 AMKKLTPDKLASAFGKILFAIGAMTPFD 
 AMKKLTPDKLASAFGKILFASLSGFPFDICK"
11,TPDKLASAFGKILFA,"ICGGYTPDKLASAFGKILFASLSGFPFDICKY 
 IIKKLTPDKLASAFGKILFASLSGFPFDICKYGRF 
 AMKKLTPDKLASAFGKILFASLSGFPFDICK 
 KCPKLTPDKLASAFGKILFASLSYIRLALAAALFP 
 AMKKLTPDKLASAFGKILFASAAYN 
 AMKKLTPDKLASAFGKILFASLSGFPFD 
 AMKKLTPDKLASAFGKILFAIGAMTPFD 
 MNFKLTPDKLASAFGKILFASLSDR 
 ICGGYTPDKLASAFGKILFASLSGFPFDICKYGR"
12,TPDKLASAFGKILFAS,"ICGGYTPDKLASAFGKILFASLSGFPFDICKY 
 IIKKLTPDKLASAFGKILFASLSGFPFDICKYGRF 
 KCPKLTPDKLASAFGKILFASLSYIRLALAAALFP 
 MNFKLTPDKLASAFGKILFASLSDR 
 AMKKLTPDKLASAFGKILFASAAYN 
 AMKKLTPDKLASAFGKILFASLSGFPFD 
 AMKKLTPDKLASAFGKILFASLSGFPFDICK 
 ICGGYTPDKLASAFGKILFASLSGFPFDICKYGR"
13,YIRLALAAALFP,"KCPTWQPSKGLADGRGFRIFTIVYIRLALAAALFP 
 KCPTWQPSKGLADGRGFTIVYIRLALAAALFP 
 MCPTWQPSKGLADGRGFRIFTIVYIRLALAAALFP 
 KCPKLTPDKLASAFGKILFASLSYIRLALAAALFP 
 MMKKLTPDKLLADGRGFRIFTIVYIRLALAAALFP"
14,YGLAAFKVILVLVYLPF,"IIFGYGLAAFKVILVLVYLPFEPYCFITMD 
 SNATYGLAAFKVILVLVYLPFEPYCFITMD 
 IIFGYGLAAFKVILVLVYLPF 
 IIFGYGLAAFKVILVLVYLPFEPYCFI 
 IIFGYGLAAFKVILVLVYLPFEPLKPPSYCFITMD"
15,LASAFGKILFASL,"YDKGCGPTALASAFGKILFASLDN 
 ICGGYTPDKLASAFGKILFASLSGFPFDICKY 
 IIKKLTPDKLASAFGKILFASLSGFPFDICKYGRF 
 KCPKLTPDKLASAFGKILFASLSYIRLALAAALFP 
 EMSADLVDKLASAFGKILFASLSGF 
 MNFKLTPDKLASAFGKILFASLSDR 
 METKVWGDKLASAFGKILFASLSGF 
 IIKGNITTLLASAFGKILFASLYCFITMD 
 ICGGYTPDKLASAFGKILFASLSGFPFDICKYGR 
 MAGFVWGDKLASAFGKILFASLSGF 
 AMKKLTPDKLASAFGKILFASLSGFPFD 
 AMKKLTPDKLASAFGKILFASLSGFPFDICK 
 YDKGNITTLLASAFGKILFASLNL"
16,GLAAFKVILVLVY,"IIFGYGLAAFKVILVLVYLPFEPYCFITMD 
 YQLPLGLAAFKVILVLVY 
 SNATYGLAAFKVILVLVYLPFEPYCFITMD 
 IIFGYGLAAFKVILVLVYLPF 
 IIFGYGLAAFKVILVLVYLPFEPYCFI 
 IIFGYGLAAFKVILVLVYLPFEPLKPPSYCFITMD"
17,DKLASAFGKILFAS,"ICGGYTPDKLASAFGKILFASLSGFPFDICKY 
 IIKKLTPDKLASAFGKILFASLSGFPFDICKYGRF 
 KCPKLTPDKLASAFGKILFASLSYIRLALAAALFP 
 EMSADLVDKLASAFGKILFASLSGF 
 AMKKLTPDKLASAFGKILFASAAYN 
 MNFKLTPDKLASAFGKILFASLSDR 
 METKVWGDKLASAFGKILFASLSGF 
 MAGFVWGDKLASAFGKILFASLSGF 
 AMKKLTPDKLASAFGKILFASLSGFPFD 
 AMKKLTPDKLASAFGKILFASLSGFPFDICK 
 ICGGYTPDKLASAFGKILFASLSGFPFDICKYGR"
18,LTPDKLASAFG,"AMKKLTPDKLASAFG 
 IIKKLTPDKLASAFGKILFASLSGFPFDICKYGRF 
 AMKKLTPDKLASAFGKILFASLSGFPFDICK 
 AMKKLTPDKLASAFGK 
 KCPKLTPDKLASAFGKILFASLSYIRLALAAALFP 
 AMKKLTPDKLASAFGKILFASAAYN 
 AMKKLTPDKLASAFGKILFASLSGFPFD 
 LVLTLTPDKLASAFGK 
 AMKKLTPDKLASAFGKILFAIGAMTPFD 
 MNFKLTPDKLASAFGKILFASLSDR"
19,KKLTPDKLASAFGK,"AMKKLTPDKLASAFGKILFASAAYN 
 IIKKLTPDKLASAFGKILFASLSGFPFDICKYGRF 
 AMKKLTPDKLASAFGKILFASLSGFPFD 
 AMKKLTPDKLASAFGK 
 AMKKLTPDKLASAFGKILFAIGAMTPFD 
 AMKKLTPDKLASAFGKILFASLSGFPFDICK"
20,LTPDKLASAFGK,"IIKKLTPDKLASAFGKILFASLSGFPFDICKYGRF 
 AMKKLTPDKLASAFGK 
 KCPKLTPDKLASAFGKILFASLSYIRLALAAALFP 
 MNFKLTPDKLASAFGKILFASLSDR 
 AMKKLTPDKLASAFGKILFASAAYN 
 AMKKLTPDKLASAFGKILFASLSGFPFD 
 LVLTLTPDKLASAFGK 
 AMKKLTPDKLASAFGKILFAIGAMTPFD 
 AMKKLTPDKLASAFGKILFASLSGFPFDICK"
21,KLTPDKLASAFGKILFASLS,"IIKKLTPDKLASAFGKILFASLSGFPFDICKYGRF 
 AMKKLTPDKLASAFGKILFASLSGFPFDICK 
 AMKKLTPDKLASAFGKILFASLSGFPFD 
 KCPKLTPDKLASAFGKILFASLSYIRLALAAALFP 
 MNFKLTPDKLASAFGKILFASLSDR"
22,KILFASLSGFP,"ICGGYTPDKLASAFGKILFASLSGFPFDICKY 
 AMKKLTPDKLAGKILFASLSGFPALLN 
 IIKKLTPDKLASAFGKILFASLSGFPFDICKYGRF 
 AMKKLTPDKLASAFGKILFASLSGFPFD 
 WYDKGLTPDKLAVKILFASLSGFP 
 WAMKKLTPDKLAVKILFASLSGFP 
 AMKKLTPDKLASAFGKILFASLSGFPFDICK 
 ICGGYTPDKLASAFGKILFASLSGFPFDICKYGR"
23,KLTPDKLASAFGKILFA,"AMKKLTPDKLASAFGKILFASAAYN 
 IIKKLTPDKLASAFGKILFASLSGFPFDICKYGRF 
 AMKKLTPDKLASAFGKILFASLSGFPFDICK 
 AMKKLTPDKLASAFGKILFASLSGFPFD 
 AMKKLTPDKLASAFGKILFAIGAMTPFD 
 KCPKLTPDKLASAFGKILFASLSYIRLALAAALFP 
 MNFKLTPDKLASAFGKILFASLSDR"
24,TPDKLASAFGKILFASLS,"ICGGYTPDKLASAFGKILFASLSGFPFDICKY 
 IIKKLTPDKLASAFGKILFASLSGFPFDICKYGRF 
 AMKKLTPDKLASAFGKILFASLSGFPFDICK 
 AMKKLTPDKLASAFGKILFASLSGFPFD 
 KCPKLTPDKLASAFGKILFASLSYIRLALAAALFP 
 ICGGYTPDKLASAFGKILFASLSGFPFDICKYGR 
 MNFKLTPDKLASAFGKILFASLSDR"
25,IIFGYGLAAFK,"IIFGYGLAAFKLKPPSYCFITMD 
 IIFGYGLAAFKVILVLVYLPFEPYCFITMD 
 IIFGYGLAAFKVILVLVYLPFEPLKPPSYCFITMD 
 IIFGYGLAAFKVILVFAGLFELNLLFIDPKLFQD 
 IIFGYGLAAFKVILVLVYLPF 
 IIFGYGLAAFKFQCGAILVASIYLKPPSYCFITMD 
 IIFGYGLAAFKVILVLVYLPFEPYCFI"
26,DKLASAFGKILFASLS,"ICGGYTPDKLASAFGKILFASLSGFPFDICKY 
 IIKKLTPDKLASAFGKILFASLSGFPFDICKYGRF 
 AMKKLTPDKLASAFGKILFASLSGFPFDICK 
 KCPKLTPDKLASAFGKILFASLSYIRLALAAALFP 
 EMSADLVDKLASAFGKILFASLSGF 
 METKVWGDKLASAFGKILFASLSGF 
 MAGFVWGDKLASAFGKILFASLSGF 
 AMKKLTPDKLASAFGKILFASLSGFPFD 
 MNFKLTPDKLASAFGKILFASLSDR 
 ICGGYTPDKLASAFGKILFASLSGFPFDICKYGR"
27,KKLTPDKLASAFG,"AMKKLTPDKLASAFGKILFASAAYN 
 AMKKLTPDKLASAFG 
 IIKKLTPDKLASAFGKILFASLSGFPFDICKYGRF 
 AMKKLTPDKLASAFGKILFASLSGFPFD 
 AMKKLTPDKLASAFGK 
 AMKKLTPDKLASAFGKILFAIGAMTPFD 
 AMKKLTPDKLASAFGKILFASLSGFPFDICK"
28,AMKKLTPDKLASAFG,"AMKKLTPDKLASAFGKILFASAAYN 
 AMKKLTPDKLASAFG 
 AMKKLTPDKLASAFGKILFASLSGFPFD 
 AMKKLTPDKLASAFGK 
 AMKKLTPDKLASAFGKILFAIGAMTPFD 
 AMKKLTPDKLASAFGKILFASLSGFPFDICK"
29,KLTPDKLASAFG,"AMKKLTPDKLASAFG 
 IIKKLTPDKLASAFGKILFASLSGFPFDICKYGRF 
 AMKKLTPDKLASAFGKILFASLSGFPFDICK 
 AMKKLTPDKLASAFGK 
 KCPKLTPDKLASAFGKILFASLSYIRLALAAALFP 
 AMKKLTPDKLASAFGKILFASAAYN 
 AMKKLTPDKLASAFGKILFASLSGFPFD 
 AMKKLTPDKLASAFGKILFAIGAMTPFD 
 MNFKLTPDKLASAFGKILFASLSDR"
30,KKLTPDKLASAFGKILFA,"AMKKLTPDKLASAFGKILFASAAYN 
 IIKKLTPDKLASAFGKILFASLSGFPFDICKYGRF 
 AMKKLTPDKLASAFGKILFASLSGFPFD 
 AMKKLTPDKLASAFGKILFAIGAMTPFD 
 AMKKLTPDKLASAFGKILFASLSGFPFDICK"
31,DKLASAFGKILFASLSGF,"ICGGYTPDKLASAFGKILFASLSGFPFDICKY 
 IIKKLTPDKLASAFGKILFASLSGFPFDICKYGRF 
 EMSADLVDKLASAFGKILFASLSGF 
 METKVWGDKLASAFGKILFASLSGF 
 AMKKLTPDKLASAFGKILFASLSGFPFD 
 MAGFVWGDKLASAFGKILFASLSGF 
 AMKKLTPDKLASAFGKILFASLSGFPFDICK 
 ICGGYTPDKLASAFGKILFASLSGFPFDICKYGR"
32,AMKKLTPDKLA,"AMKKLTPDKLASAFG 
 AMKKLTPDKLAGKILFASLSGFPALLN 
 AMKKLTPDKLASAFGKILFASLSGFPFDICK 
 AMKKLTPDKLAALLFAKALK 
 AMKKLTPDKLASAFGK 
 WAMKKLTPDKLAVKILFASLSGFP 
 AMKKLTPDKLAL 
 AMKKLTPDKLASAHETTGAMRR 
 AMKKLTPDKLASALLFAGLDDQAGFE 
 AMKKLTPDKLASAFGKILFASAAYN 
 AMKKLTPDKLAVLLLFAGNAYN 
 WAMKKLTPDKLAKALLFAKALA 
 AMKKLTPDKLASAFGKILFASLSGFPFD 
 AMKKLTPDKLASAFGKILFAIGAMTPFD 
 AMKKLTPDKLALLFAKALSPRL"
33,IIFGYGLAAFKVILV,"IIFGYGLAAFKVILVLVYLPFEPYCFITMD 
 IIFGYGLAAFKVILVLVYLPFEPLKPPSYCFITMD 
 IIFGYGLAAFKVILVFAGLFELNLLFIDPKLFQD 
 IIFGYGLAAFKVILVLVYLPF 
 IIFGYGLAAFKVILVLVYLPFEPYCFI"
34,LASAHETTGAMRR,"MMNFHLGGGDLASAHETTGAMRR 
 MALKLTPDKLASAHETTGAMRR 
 WAMMKLTGGDLASAHETTGAMRR 
 MMNFHLGGGKLASAHETTGAMRR 
 CAALLLRGLASAHETTGAMRR 
 AMKKLTPDKLASAHETTGAMRR"
35,LASAFGKILFAS,"YDKGCGPTALASAFGKILFASLDN 
 ICGGYTPDKLASAFGKILFASLSGFPFDICKY 
 IIKKLTPDKLASAFGKILFASLSGFPFDICKYGRF 
 KCPKLTPDKLASAFGKILFASLSYIRLALAAALFP 
 EMSADLVDKLASAFGKILFASLSGF 
 AMKKLTPDKLASAFGKILFASAAYN 
 MNFKLTPDKLASAFGKILFASLSDR 
 METKVWGDKLASAFGKILFASLSGF 
 IIKGNITTLLASAFGKILFASLYCFITMD 
 ICGGYTPDKLASAFGKILFASLSGFPFDICKYGR 
 MAGFVWGDKLASAFGKILFASLSGF 
 AMKKLTPDKLASAFGKILFASLSGFPFD 
 AMKKLTPDKLASAFGKILFASLSGFPFDICK 
 YDKGNITTLLASAFGKILFASLNL"
36,YGLAAFKVILV,"IIFGYGLAAFKVILVLVYLPFEPYCFITMD 
 SNATYGLAAFKVILVLVYLPFEPYCFITMD 
 IIFGYGLAAFKVILVFAGLFELNLLFIDPKLFQD 
 IIFGYGLAAFKVILVLVYLPF 
 IIFGYGLAAFKVILVLVYLPFEPYCFI 
 IIFGYGLAAFKVILVLVYLPFEPLKPPSYCFITMD"
37,TPDKLASAFGK,"ICGGYTPDKLASAFGKILFASLSGFPFDICKY 
 IIKKLTPDKLASAFGKILFASLSGFPFDICKYGRF 
 AMKKLTPDKLASAFGKILFASLSGFPFDICK 
 AMKKLTPDKLASAFGK 
 KCPKLTPDKLASAFGKILFASLSYIRLALAAALFP 
 AMKKLTPDKLASAFGKILFASAAYN 
 AMKKLTPDKLASAFGKILFASLSGFPFD 
 LVLTLTPDKLASAFGK 
 AMKKLTPDKLASAFGKILFAIGAMTPFD 
 MNFKLTPDKLASAFGKILFASLSDR 
 ICGGYTPDKLASAFGKILFASLSGFPFDICKYGR"
38,LASAFGKILFA,"KCPKLTPDKLASAFGKILFASLSYIRLALAAALFP 
 IIKGNITTLLASAFGKILFASLYCFITMD 
 MAGFVWGDKLASAFGKILFASLSGF 
 YDKGNITTLLASAFGKILFASLNL 
 YDKGCGPTALASAFGKILFASLDN 
 ICGGYTPDKLASAFGKILFASLSGFPFDICKY 
 IIKKLTPDKLASAFGKILFASLSGFPFDICKYGRF 
 AMKKLTPDKLASAFGKILFASLSGFPFDICK 
 EMSADLVDKLASAFGKILFASLSGF 
 AMKKLTPDKLASAFGKILFASAAYN 
 METKVWGDKLASAFGKILFASLSGF 
 AMKKLTPDKLASAFGKILFASLSGFPFD 
 AMKKLTPDKLASAFGKILFAIGAMTPFD 
 MNFKLTPDKLASAFGKILFASLSDR 
 ICGGYTPDKLASAFGKILFASLSGFPFDICKYGR"
